<Profile>
	<Name>Start New Act 1 by rrrix</Name>
	<KillMonsters>True</KillMonsters>
	<PickupLoot>True</PickupLoot>
	<GameParams quest="-1" step="-1" act="A1" resumeFromSave="False" isPrivate="True" numGames="-1" />
	<Order>
    <!--<If condition="ZetaDia.CurrentQuest.StepId != -1 and ZetaDia.CurrentQuest.QuestSNO != 87700">
      <LeaveGame reason="Leaving Game to Start new Act 1" stayInParty="False" />
		</If>-->
    <If condition="not (IsActiveQuest(87700) and IsActiveQuestStep(-1))">
      <LeaveGame reason="Leaving Game to Start new Act 1" stayInParty="False" />
		</If>
    <LogMessage output="Starting new Act 1" />
    <LoadProfile questId="87700" stepId="-1" profile="Act1.xml" />
  </Order>
</Profile>