<Profile>
	<Name>Start New Act 4 by rrrix</Name>
	<KillMonsters>True</KillMonsters>
	<PickupLoot>True</PickupLoot>
	<GameParams quest="112498" step="-1" act="A4" resumeFromSave="False" isPrivate="True" numGames="-1" />
	<Order>
    <If condition="ZetaDia.IsInGame and ZetaDia.CurrentQuest.StepId != 2 and ZetaDia.CurrentQuest.QuestSnoId != 112498">
			<LeaveGame reason="Starting new Act 4" stayInParty="False" />
		</If>
		<LoadProfile questId="112498" stepId="2" profile="Act4.xml" />
	</Order>
</Profile>