﻿<Profile>
  <Name>Adventurer - Keywardens</Name>
  <KillMonsters>True</KillMonsters>
  <PickupLoot>True</PickupLoot>
  <GameParams act="OpenWorld" resumeFromSave="False" isPrivate="True" numGames="-1" />
  <TargetBlacklists>
    <!--All Cursed Chests and Shrines-->
    <TargetBlacklist actorId="364559"/>
    <TargetBlacklist actorId="364601"/>
    <TargetBlacklist actorId="365097"/>
    <TargetBlacklist actorId="365718"/>
    <TargetBlacklist actorId="365746"/>
    <TargetBlacklist actorId="368169"/>
    <TargetBlacklist actorId="369539"/>
    <TargetBlacklist actorId="370696"/>
    <TargetBlacklist actorId="374353"/>
    <TargetBlacklist actorId="374355"/>
    <TargetBlacklist actorId="374356"/>
    <TargetBlacklist actorId="374391"/>
    <TargetBlacklist actorId="376511"/>
  </TargetBlacklists>
  <Order>
    <ToggleTargeting questId="1" combat="True" looting="True" />
    <Keywardens/>
    <If condition="not IsInTown">
      <TakeWaypoint waypointNumber="0" />
    </If>
    <WaitTimer questId="1" waitTime="3000" />
    <LeaveGame reason="Done"/>
    <LoadProfile profile="Bounties.xml" />
  </Order>
</Profile>