﻿<Profile>
  <Name>Adventurer</Name>
  <KillMonsters>True</KillMonsters>
  <PickupLoot>True</PickupLoot>
  <GameParams act="OpenWorld" resumeFromSave="False" isPrivate="True" numGames="-1" />
  <TargetBlacklists>
    <!--All Cursed Chests and Shrines-->
    <TargetBlacklist actorId="364559"/>
    <TargetBlacklist actorId="364601"/>
    <TargetBlacklist actorId="365097"/>
    <TargetBlacklist actorId="365718"/>
    <TargetBlacklist actorId="365746"/>
    <TargetBlacklist actorId="368169"/>
    <TargetBlacklist actorId="369539"/>
    <TargetBlacklist actorId="370696"/>
    <TargetBlacklist actorId="374353"/>
    <TargetBlacklist actorId="374355"/>
    <TargetBlacklist actorId="374356"/>
    <TargetBlacklist actorId="374391"/>
    <TargetBlacklist actorId="376511"/>

    <!--Tomb of Sardar - Locked Door-->
    <TargetBlacklist actorId="153836"/>

    <!--The True Son of the Wolf - Unattackable NPCs-->
    <TargetBlacklist actorId="356218"/>
    <TargetBlacklist actorId="356219"/>
    <TargetBlacklist actorId="336711"/>

    <!--Guarded Gizmo and Pingers-->
    <TargetBlacklist actorId="435630"/>
    <TargetBlacklist actorId="434971"/>

    <TargetBlacklist actorId="430733"/>
    <TargetBlacklist actorId="432259"/>
    <TargetBlacklist actorId="434366"/>
    <TargetBlacklist actorId="432770"/>
    <TargetBlacklist actorId="433051"/>
    <TargetBlacklist actorId="432331"/>
    <TargetBlacklist actorId="432885"/>
    <TargetBlacklist actorId="433184"/>
    <TargetBlacklist actorId="433295"/>
    <TargetBlacklist actorId="433385"/>
    <TargetBlacklist actorId="433402"/>
    <TargetBlacklist actorId="433124"/>
    <TargetBlacklist actorId="433246"/>
    <TargetBlacklist actorId="433316"/>

    <!--ActorId: 301177, Type: Gizmo, Name: x1_PandExt_Time_Activator-81064, Distance2d: 18.63588, CollisionRadius: 15.18807, MinimapActive: 0, MinimapIconOverride: -1, MinimapDisableArrow: 0-->
    <TargetBlacklist actorId="301177"/>

    <!--ActorId: 227305, Type: Gizmo, Name: Lore_Inarius_Corrupt-55475, Distance2d: 9.442262, CollisionRadius: 11.92656, MinimapActive: 0, MinimapIconOverride: -1, MinimapDisableArrow: 0-->
    <TargetBlacklist actorId="227305"/>
    <!--// x1_SurvivorCaptain_Rescue_Guards (295471) Distance: 3.254871-->
    <TargetBlacklist actorId="295471"/>
    
  </TargetBlacklists>
  
  <Order>
    <ToggleTargeting questId="1" combat="True" looting="True" />
    <RunActBounties act="A1"/>
    <RunActBounties act="A2"/>
    <RunActBounties act="A3"/>
    <RunActBounties act="A4"/>
    <RunActBounties act="A5"/>

    <If condition="not (IsInTown)">
      <TakeWaypoint waypointNumber="0" />
    </If>
    <WaitTimer questId="1" waitTime="3000" />
    <LeaveGame reason="Done" stayInParty="true" />
    <LoadProfile profile="Adventurer.xml" />
  </Order>
</Profile>