﻿<Profile>
  <Name>Adventurer - Cycle Normal and Greater Rifts</Name>
  <KillMonsters>True</KillMonsters>
  <PickupLoot>True</PickupLoot>
  <GameParams act="OpenWorld" resumeFromSave="False" isPrivate="True" numGames="-1" />
  <TargetBlacklists>
    <!--Urshi-->
    <TargetBlacklist actorId="398682"/>
  </TargetBlacklists>
  <Order>
    <ToggleTargeting questId="1" combat="True" looting="True" />
    <While condition="True">
      <WaitTimer questId="1" waitTime="3000" />
      <NephalemRift riftCount="5"/>
      <WaitTimer questId="1" waitTime="3000" />
      <GreaterRift riftCount="5"/>
    </While>
  </Order>
</Profile>