<Profile>
  <Name>Keywarden Buddy</Name>
  <KillMonsters>True</KillMonsters>
  <PickupLoot>True</PickupLoot>
  <GameParams act="OpenWorld" resumeFromSave="False" isPrivate="True" />
  <Order>

    <!-- Go to Fields of Misery. -->
    <If condition="not IsBossEncounterCompleted(SNOBossEncounter.A1_KeywardenPlaceholder) and CurrentLevelAreaSnoId != 19952">
      <TakeWaypoint questId="1" waypointNumber="8" />
    </If>
    <If condition="not IsBossEncounterCompleted(SNOBossEncounter.A1_KeywardenPlaceholder)">
      <ExploreDungeon routeMode="NearestMinimapUnvisited" questId="1" until="BossEncounterCompleted" bossEncounter="A1_KeywardenPlaceholder" pathPrecision="30" boxSize="15" boxTolerance="0.01" markerDistance="45">
        <IgnoreScenes>
          <IgnoreScene sceneName="trOut_TristramFields_ExitA_E02_S01" />
          <IgnoreScene sceneName="trOut_TristramFields_ExitA_E02_S02" />
          <IgnoreScene sceneName="trOut_TristramFields_ExitA_E02_S03" />
          <IgnoreScene sceneName="trOut_TristramFields_EntranceA_E01_S01" />
          <IgnoreScene sceneName="trOut_Sub240x240_FarmHouseB_x01_y01" />
        </IgnoreScenes>
      </ExploreDungeon>
      <!-- Make sure we wait a little to give the bot time to loot the machine if it dropped. -->
      <WaitTimer questId="1" waitTime="5000" />
    </If>

    <!-- Go to Dahlgur Oasis. -->
    <If condition="not IsBossEncounterCompleted(SNOBossEncounter.A2_KeywardenPlaceholder) and CurrentLevelAreaSnoId != 57425">
      <TakeWaypoint questId="1" waypointNumber="23" />
    </If>
    <If condition="not IsBossEncounterCompleted(SNOBossEncounter.A2_KeywardenPlaceholder)">
      <ExploreDungeon routeMode="NearestMinimapUnvisited" questId="1" until="BossEncounterCompleted" bossEncounter="A2_KeywardenPlaceholder" pathPrecision="30" boxSize="15" boxTolerance="0.01" markerDistance="45">
        <IgnoreScenes>
          <IgnoreScene sceneName="caOut_Oasis_Sub240_WaterPuzzle" />
          <IgnoreScene sceneName="caOut_Oasis_Sub240_Water_Money" />
          <IgnoreScene sceneName="caOut_Oasis_Sub240_Cenote_Prisoners" />
          <IgnoreScene sceneName="caOut_Oasis_Sub240_POI" />
        </IgnoreScenes>
      </ExploreDungeon>
      <!-- Make sure we wait a little to give the bot time to loot the machine if it dropped. -->
      <WaitTimer questId="1" waitTime="5000" />
    </If>

    <!-- Go to Stonefort. -->
    <If condition="not IsBossEncounterCompleted(SNOBossEncounter.A3_KeywardenPlaceholder) and CurrentLevelAreaSnoId != 93173">
      <TakeWaypoint questId="1" waypointNumber="28" />
    </If>
    <If condition="not IsBossEncounterCompleted(SNOBossEncounter.A3_KeywardenPlaceholder)">
      <ExploreDungeon routeMode="NearestMinimapUnvisited" questId="1" until="BossEncounterCompleted" bossEncounter="A3_KeywardenPlaceholder" pathPrecision="30" boxSize="25" boxTolerance="0.25" markerDistance="45"/>
      <!-- Make sure we wait a little to give the bot time to loot the machine if it dropped. -->
      <WaitTimer questId="1" waitTime="5000" />
    </If>

    <!-- Go to Gardens of Hope 2nd Tier. -->
    <If condition="not IsBossEncounterCompleted(SNOBossEncounter.A4_KeywardenPlaceholder) and CurrentLevelAreaSnoId != 409512">
      <TakeWaypoint questId="1" waypointNumber="43" />
    </If>
    <If condition="not IsBossEncounterCompleted(SNOBossEncounter.A4_KeywardenPlaceholder)">
      <ExploreDungeon routeMode="NearestMinimapUnvisited" questId="1" until="BossEncounterCompleted" bossEncounter="A4_KeywardenPlaceholder" pathPrecision="30" boxSize="15" boxTolerance="0.01" markerDistance="45"/>
      <!-- Make sure we wait a little to give the bot time to loot the machine if it dropped. -->
      <WaitTimer questId="1" waitTime="5000" />
    </If>
    <LeaveGame questId="1" reason="Let's do it again!" />
  </Order>
</Profile>