<Profile>
	<Name>Start New Act 3 by rrrix</Name>
	<KillMonsters>True</KillMonsters>
	<PickupLoot>True</PickupLoot>
	<GameParams quest="93595" step="-1" act="A3" resumeFromSave="False" isPrivate="True" numGames="-1" />
	<Order>
    <If condition="ZetaDia.IsInGame and ZetaDia.CurrentQuest.StepId != -1 and ZetaDia.CurrentQuest.QuestSnoId != 93595 and CurrentLevelAreaId != 206142">
      <LeaveGame reason="Starting new Act 3" stayInParty="False" />
		</If>
		<LoadProfile questId="93595" stepId="-1" profile="Act3.xml" />
	</Order>
</Profile>